SK001-0001|Printing, in the only sense with which we are at present concerned, differs from most if not from all the arts and crafts represented in the Exhibition|Printing, in the only sense with which we are at present concerned, differs from most if not from all the arts and crafts represented in the Exhibition
SK001-0002|in being comparatively modern.|in being comparatively modern.
SK001-0003|For although the Chinese took impressions from wood blocks engraved in relief for centuries before the woodcutters of the Netherlands, by a similar process|For although the Chinese took impressions from wood blocks engraved in relief for centuries before the woodcutters of the Netherlands, by a similar process
SK001-0004|produced the block books, which were the immediate predecessors of the true printed book,|produced the block books, which were the immediate predecessors of the true printed book,
SK001-0005|the invention of movable metal letters in the middle of the fifteenth century may justly be considered as the invention of the art of printing.|the invention of movable metal letters in the middle of the fifteenth century may justly be considered as the invention of the art of printing.
SK001-0006|And it is worth mention in passing that, as an example of fine typography,|And it is worth mention in passing that, as an example of fine typography,
SK001-0007|the earliest book printed with movable types, the Gutenberg, or "forty-two line Bible" of about 1455,|the earliest book printed with movable types, the Gutenberg, or "forty-two line Bible" of about fourteen fifty-five,
SK001-0008|has never been surpassed.|has never been surpassed.
SK001-0009|Printing, then, for our purpose, may be considered as the art of making books by means of movable types.|Printing, then, for our purpose, may be considered as the art of making books by means of movable types.
SK001-0010|Now, as all books not primarily intended as picture-books consist principally of types composed to form letterpress,|Now, as all books not primarily intended as picture-books consist principally of types composed to form letterpress,
SK001-0011|it is of the first importance that the letter used should be fine in form;|it is of the first importance that the letter used should be fine in form;
SK001-0012|especially as no more time is occupied, or cost incurred, in casting, setting, or printing beautiful letters|especially as no more time is occupied, or cost incurred, in casting, setting, or printing beautiful letters
SK001-0013|than in the same operations with ugly ones.|than in the same operations with ugly ones.
SK001-0014|And it was a matter of course that in the Middle Ages, when the craftsmen took care that beautiful form should always be a part of their productions whatever they were,|And it was a matter of course that in the Middle Ages, when the craftsmen took care that beautiful form should always be a part of their productions whatever they were,
SK001-0015|the forms of printed letters should be beautiful, and that their arrangement on the page should be reasonable and a help to the shapeliness of the letters themselves.|the forms of printed letters should be beautiful, and that their arrangement on the page should be reasonable and a help to the shapeliness of the letters themselves.
SK001-0016|The Middle Ages brought calligraphy to perfection, and it was natural therefore|The Middle Ages brought calligraphy to perfection, and it was natural therefore
SK001-0017|that the forms of printed letters should follow more or less closely those of the written character, and they followed them very closely.|that the forms of printed letters should follow more or less closely those of the written character, and they followed them very closely.
SK001-0018|The first books were printed in black letter, i.e. the letter which was a Gothic development of the ancient Roman character,|The first books were printed in black letter, i.e. the letter which was a Gothic development of the ancient Roman character,
SK001-0019|and which developed more completely and satisfactorily on the side of the "lower-case" than the capital letters;|and which developed more completely and satisfactorily on the side of the "lower-case" than the capital letters;
SK001-0020|the "lower-case" being in fact invented in the early Middle Ages.|the "lower-case" being in fact invented in the early Middle Ages.
SK001-0021|The earliest book printed with movable type, the aforesaid Gutenberg Bible, is printed in letters which are an exact imitation|The earliest book printed with movable type, the aforesaid Gutenberg Bible, is printed in letters which are an exact imitation
SK001-0022|of the more formal ecclesiastical writing which obtained at that time; this has since been called "missal type,"|of the more formal ecclesiastical writing which obtained at that time; this has since been called "missal type,"
SK001-0023|and was in fact the kind of letter used in the many splendid missals, psalters, etc., produced by printing in the fifteenth century.|and was in fact the kind of letter used in the many splendid missals, psalters, etc., produced by printing in the fifteenth century.
SK001-0024|But the first Bible actually dated (which also was printed at Maintz by Peter Schoeffer in the year 1462)|But the first Bible actually dated (which also was printed at Maintz by Peter Schoeffer in the year fourteen sixty-two)
SK001-0025|imitates a much freer hand, simpler, rounder, and less spiky, and therefore far pleasanter and easier to read.|imitates a much freer hand, simpler, rounder, and less spiky, and therefore far pleasanter and easier to read.
SK001-0026|On the whole the type of this book may be considered the ne-plus-ultra of Gothic type,|On the whole the type of this book may be considered the ne-plus-ultra of Gothic type,
SK001-0027|especially as regards the lower-case letters; and type very similar was used during the next fifteen or twenty years not only by Schoeffer,|especially as regards the lower-case letters; and type very similar was used during the next fifteen or twenty years not only by Schoeffer,
SK001-0028|but by printers in Strasburg, Basle, Paris, Lubeck, and other cities.|but by printers in Strasburg, Basle, Paris, Lubeck, and other cities.
SK001-0029|But though on the whole, except in Italy, Gothic letter was most often used|But though on the whole, except in Italy, Gothic letter was most often used
SK001-0030|a very few years saw the birth of Roman character not only in Italy, but in Germany and France.|a very few years saw the birth of Roman character not only in Italy, but in Germany and France.
SK001-0031|In 1465 Sweynheim and Pannartz began printing in the monastery of Subiaco near Rome,|In fourteen sixty-five Sweynheim and Pannartz began printing in the monastery of Subiaco near Rome,
SK001-0032|and used an exceedingly beautiful type, which is indeed to look at a transition between Gothic and Roman,|and used an exceedingly beautiful type, which is indeed to look at a transition between Gothic and Roman,
SK001-0033|but which must certainly have come from the study of the twelfth or even the eleventh century MSS.|but which must certainly have come from the study of the twelfth or even the eleventh century MSS.
SK001-0034|They printed very few books in this type, three only; but in their very first books in Rome, beginning with the year 1468,|They printed very few books in this type, three only; but in their very first books in Rome, beginning with the year fourteen sixty-eight,
SK001-0035|they discarded this for a more completely Roman and far less beautiful letter.|they discarded this for a more completely Roman and far less beautiful letter.
SK001-0036|But about the same year Mentelin at Strasburg began to print in a type which is distinctly Roman;|But about the same year Mentelin at Strasburg began to print in a type which is distinctly Roman;
SK001-0037|and the next year Gunther Zeiner at Augsburg followed suit;|and the next year Gunther Zeiner at Augsburg followed suit;
SK001-0038|while in 1470 at Paris Udalric Gering and his associates turned out the first books printed in France, also in Roman character.|while in fourteen seventy at Paris Udalric Gering and his associates turned out the first books printed in France, also in Roman character.
SK001-0039|The Roman type of all these printers is similar in character,|The Roman type of all these printers is similar in character,
SK001-0040|and is very simple and legible, and unaffectedly designed for use; but it is by no means without beauty.|and is very simple and legible, and unaffectedly designed for use; but it is by no means without beauty.
SK001-0041|It must be said that it is in no way like the transition type of Subiaco,|It must be said that it is in no way like the transition type of Subiaco,
SK001-0042|and though more Roman than that, yet scarcely more like the complete Roman type of the earliest printers of Rome.|and though more Roman than that, yet scarcely more like the complete Roman type of the earliest printers of Rome.
SK001-0043|A further development of the Roman letter took place at Venice.|A further development of the Roman letter took place at Venice.
SK001-0044|John of Spires and his brother Vindelin, followed by Nicholas Jenson, began to print in that city,|John of Spires and his brother Vindelin, followed by Nicholas Jenson, began to print in that city,
SK001-0045|1469, 1470;|fourteen sixty-nine, fourteen seventy;
SK001-0046|their type is on the lines of the German and French rather than of the Roman printers.|their type is on the lines of the German and French rather than of the Roman printers.
SK001-0047|Of Jenson it must be said that he carried the development of Roman type as far as it can go:|Of Jenson it must be said that he carried the development of Roman type as far as it can go:
SK001-0048|his letter is admirably clear and regular, but at least as beautiful as any other Roman type.|his letter is admirably clear and regular, but at least as beautiful as any other Roman type.
SK001-0049|After his death in the "fourteen eighties," or at least by 1490, printing in Venice had declined very much;|After his death in the "fourteen eighties," or at least by fourteen ninety, printing in Venice had declined very much;
SK001-0050|and though the famous family of Aldus restored its technical excellence, rejecting battered letters,|and though the famous family of Aldus restored its technical excellence, rejecting battered letters,
SK001-0051|and paying great attention to the "press work" or actual process of printing,|and paying great attention to the "press work" or actual process of printing,
SK001-0052|yet their type is artistically on a much lower level than Jenson's, and in fact|yet their type is artistically on a much lower level than Jenson's, and in fact
SK001-0053|they must be considered to have ended the age of fine printing in Italy.|they must be considered to have ended the age of fine printing in Italy.
SK001-0054|Jenson, however, had many contemporaries who used beautiful type,|Jenson, however, had many contemporaries who used beautiful type,
SK001-0055|some of which -- as, e.g., that of Jacobus Rubeus or Jacques le Rouge -- is scarcely distinguishable from his.|some of which -- as, e.g., that of Jacobus Rubeus or Jacques le Rouge -- is scarcely distinguishable from his.
SK001-0056|It was these great Venetian printers, together with their brethren of Rome, Milan,|It was these great Venetian printers, together with their brethren of Rome, Milan,
SK001-0057|Parma, and one or two other cities, who produced the splendid editions of the Classics, which are one of the great glories of the printer's art,|Parma, and one or two other cities, who produced the splendid editions of the Classics, which are one of the great glories of the printer's art,
SK001-0058|and are worthy representatives of the eager enthusiasm for the revived learning of that epoch. By far,|and are worthy representatives of the eager enthusiasm for the revived learning of that epoch. By far,
SK001-0059|the greater part of these Italian printers, it should be mentioned, were Germans or Frenchmen, working under the influence of Italian opinion and aims.|the greater part of these Italian printers, it should be mentioned, were Germans or Frenchmen, working under the influence of Italian opinion and aims.
SK001-0060|It must be understood that through the whole of the fifteenth and the first quarter of the sixteenth centuries|It must be understood that through the whole of the fifteenth and the first quarter of the sixteenth centuries
SK001-0061|the Roman letter was used side by side with the Gothic.|the Roman letter was used side by side with the Gothic.
SK001-0062|Even in Italy most of the theological and law books were printed in Gothic letter,|Even in Italy most of the theological and law books were printed in Gothic letter,
SK001-0063|which was generally more formally Gothic than the printing of the German workmen,|which was generally more formally Gothic than the printing of the German workmen,
SK001-0064|many of whose types, indeed, like that of the Subiaco works, are of a transitional character.|many of whose types, indeed, like that of the Subiaco works, are of a transitional character.
SK001-0065|This was notably the case with the early works printed at Ulm, and in a somewhat lesser degree at Augsburg.|This was notably the case with the early works printed at Ulm, and in a somewhat lesser degree at Augsburg.
SK001-0066|In fact Gunther Zeiner's first type (afterwards used by Schussler) is remarkably like the type of the before-mentioned Subiaco books.|In fact Gunther Zeiner's first type (afterwards used by Schussler) is remarkably like the type of the before-mentioned Subiaco books.
SK001-0067|In the Low Countries and Cologne, which were very fertile of printed books, Gothic was the favorite.|In the Low Countries and Cologne, which were very fertile of printed books, Gothic was the favorite.
SK001-0068|The characteristic Dutch type, as represented by the excellent printer Gerard Leew, is very pronounced and uncompromising Gothic.|The characteristic Dutch type, as represented by the excellent printer Gerard Leew, is very pronounced and uncompromising Gothic.
SK001-0069|This type was introduced into England by Wynkyn de Worde, Caxton's successor,|This type was introduced into England by Wynkyn de Worde, Caxton's successor,
SK001-0070|and was used there with very little variation all through the sixteenth and seventeenth centuries, and indeed into the eighteenth.|and was used there with very little variation all through the sixteenth and seventeenth centuries, and indeed into the eighteenth.
SK001-0071|Most of Caxton's own types are of an earlier character, though they also much resemble Flemish or Cologne letter.|Most of Caxton's own types are of an earlier character, though they also much resemble Flemish or Cologne letter.
SK001-0072|After the end of the fifteenth century the degradation of printing, especially in Germany and Italy,|After the end of the fifteenth century the degradation of printing, especially in Germany and Italy,
SK001-0073|went on apace; and by the end of the sixteenth century there was no really beautiful printing done:|went on apace; and by the end of the sixteenth century there was no really beautiful printing done:
SK001-0074|the best, mostly French or Low-Country, was neat and clear, but without any distinction;|the best, mostly French or Low-Country, was neat and clear, but without any distinction;
SK001-0075|the worst, which perhaps was the English, was a terrible falling-off from the work of the earlier presses;|the worst, which perhaps was the English, was a terrible falling-off from the work of the earlier presses;
SK001-0076|and things got worse and worse through the whole of the seventeenth century, so that in the eighteenth printing was very miserably performed.|and things got worse and worse through the whole of the seventeenth century, so that in the eighteenth printing was very miserably performed.
SK001-0077|In England about this time, an attempt was made (notably by Caslon, who started business in London as a type-founder in 1720)|In England about this time, an attempt was made (notably by Caslon, who started business in London as a type-founder in seventeen twenty)
SK001-0078|to improve the letter in form.|to improve the letter in form.
SK001-0079|Caslon's type is clear and neat, and fairly well designed;|Caslon's type is clear and neat, and fairly well designed;
SK001-0080|he seems to have taken the letter of the Elzevirs of the seventeenth century for his model:|he seems to have taken the letter of the Elzevirs of the seventeenth century for his model:
SK001-0081|type cast from his matrices is still in everyday use.|type cast from his matrices is still in everyday use.
SK001-0082|In spite, however, of his praiseworthy efforts, printing had still one last degradation to undergo.|In spite, however, of his praiseworthy efforts, printing had still one last degradation to undergo.
SK001-0083|The seventeenth century founts were bad rather negatively than positively.|The seventeenth century founts were bad rather negatively than positively.
SK001-0084|But for the beauty of the earlier work they might have seemed tolerable.|But for the beauty of the earlier work they might have seemed tolerable.
SK001-0085|It was reserved for the founders of the later eighteenth century to produce letters which are positively ugly, and which, it may be added,|It was reserved for the founders of the later eighteenth century to produce letters which are positively ugly, and which, it may be added,
SK001-0086|are dazzling and unpleasant to the eye owing to the clumsy thickening and vulgar thinning of the lines:|are dazzling and unpleasant to the eye owing to the clumsy thickening and vulgar thinning of the lines:
SK001-0087|for the seventeenth-century letters are at least pure and simple in line. The Italian, Bodoni, and the Frenchman, Didot,|for the seventeenth-century letters are at least pure and simple in line. The Italian, Bodoni, and the Frenchman, Didot,
SK001-0088|were the leaders in this luckless change, though our own Baskerville, who was at work some years before them, went much on the same lines;|were the leaders in this luckless change, though our own Baskerville, who was at work some years before them, went much on the same lines;
SK001-0089|but his letters, though uninteresting and poor, are not nearly so gross and vulgar as those of either the Italian or the Frenchman.|but his letters, though uninteresting and poor, are not nearly so gross and vulgar as those of either the Italian or the Frenchman.
SK001-0090|With this change the art of printing touched bottom,|With this change the art of printing touched bottom,
SK001-0091|so far as fine printing is concerned, though paper did not get to its worst till about 1840.|so far as fine printing is concerned, though paper did not get to its worst till about eighteen forty.
SK001-0092|The Chiswick press in 1844 revived Caslon's founts, printing for Messrs. Longman the Diary of Lady Willoughby.|The Chiswick press in eighteen forty-four revived Caslon's founts, printing for Messrs. Longman the Diary of Lady Willoughby.
SK001-0093|This experiment was so far successful that about 1850 Messrs. Miller and Richard of Edinburgh|This experiment was so far successful that about eighteen fifty Messrs. Miller and Richard of Edinburgh
SK001-0094|were induced to cut punches for a series of "old style" letters.|were induced to cut punches for a series of "old style" letters.
SK001-0095|These and similar founts, cast by the above firm and others,|These and similar founts, cast by the above firm and others,
SK001-0096|have now come into general use and are obviously a great improvement on the ordinary "modern style" in use in England, which is in fact the Bodoni type|have now come into general use and are obviously a great improvement on the ordinary "modern style" in use in England, which is in fact the Bodoni type
SK001-0097|a little reduced in ugliness. The design of the letters of this modern "old style" leaves a good deal to be desired,|a little reduced in ugliness. The design of the letters of this modern "old style" leaves a good deal to be desired,
SK001-0098|and the whole effect is a little too gray, owing to the thinness of the letters.|and the whole effect is a little too gray, owing to the thinness of the letters.
SK001-0099|It must be remembered, however, that most modern printing is done by machinery on soft paper, and not by the hand press,|It must be remembered, however, that most modern printing is done by machinery on soft paper, and not by the hand press,
SK001-0100|and these somewhat wiry letters are suitable for the machine process, which would not do justice to letters of more generous design.|and these somewhat wiry letters are suitable for the machine process, which would not do justice to letters of more generous design.
SK001-0101|It is discouraging to note that the improvement of the last fifty years is almost wholly confined to Great Britain.|It is discouraging to note that the improvement of the last fifty years is almost wholly confined to Great Britain.
SK001-0102|Here and there a book is printed in France or Germany with some pretension to good taste,|Here and there a book is printed in France or Germany with some pretension to good taste,
SK001-0103|but the general revival of the old forms has made no way in those countries.|but the general revival of the old forms has made no way in those countries.
SK001-0104|Italy is contentedly stagnant.|Italy is contentedly stagnant.
SK001-0105|America has produced a good many showy books, the typography, paper, and illustrations of which are, however, all wrong,|America has produced a good many showy books, the typography, paper, and illustrations of which are, however, all wrong,
SK001-0106|oddity rather than rational beauty and meaning being apparently the thing sought for both in the letters and the illustrations.|oddity rather than rational beauty and meaning being apparently the thing sought for both in the letters and the illustrations.
SK001-0107|To say a few words on the principles of design in typography:|To say a few words on the principles of design in typography:
SK001-0108|it is obvious that legibility is the first thing to be aimed at in the forms of the letters;|it is obvious that legibility is the first thing to be aimed at in the forms of the letters;
SK001-0109|this is best furthered by the avoidance of irrational swellings and spiky projections, and by the using of careful purity of line.|this is best furthered by the avoidance of irrational swellings and spiky projections, and by the using of careful purity of line.
SK001-0110|Even the Caslon type when enlarged shows great shortcomings in this respect:|Even the Caslon type when enlarged shows great shortcomings in this respect:
SK001-0111|the ends of many of the letters such as the t and e are hooked up in a vulgar and meaningless way,|the ends of many of the letters such as the t and e are hooked up in a vulgar and meaningless way,
SK001-0112|instead of ending in the sharp and clear stroke of Jenson's letters;|instead of ending in the sharp and clear stroke of Jenson's letters;
SK001-0113|there is a grossness in the upper finishings of letters like the c, the a, and so on,|there is a grossness in the upper finishings of letters like the c, the a, and so on,
SK001-0114|an ugly pear-shaped swelling defacing the form of the letter:|an ugly pear-shaped swelling defacing the form of the letter:
SK001-0115|in short, it happens to this craft, as to others, that the utilitarian practice, though it professes to avoid ornament,|in short, it happens to this craft, as to others, that the utilitarian practice, though it professes to avoid ornament,
SK001-0116|still clings to a foolish, because misunderstood conventionality, deduced from what was once ornament, and is by no means useful;|still clings to a foolish, because misunderstood conventionality, deduced from what was once ornament, and is by no means useful;
SK001-0117|which title can only be claimed by artistic practice, whether the art in it be conscious or unconscious.|which title can only be claimed by artistic practice, whether the art in it be conscious or unconscious.
SK001-0118|In no characters is the contrast between the ugly and vulgar illegibility of the modern type|In no characters is the contrast between the ugly and vulgar illegibility of the modern type
SK001-0119|and the elegance and legibility of the ancient more striking than in the Arabic numerals.|and the elegance and legibility of the ancient more striking than in the Arabic numerals.
SK001-0120|In the old print each figure has its definite individuality, and one cannot be mistaken for the other;|In the old print each figure has its definite individuality, and one cannot be mistaken for the other;
SK001-0121|in reading the modern figures the eyes must be strained before the reader can have any reasonable assurance|in reading the modern figures the eyes must be strained before the reader can have any reasonable assurance
SK001-0122|that he has a 5, an 8, or a 3 before him, unless the press work is of the best:|that he has a five, an eight, or a three before him, unless the press work is of the best:
SK001-0123|this is awkward if you have to read Bradshaw's Guide in a hurry.|this is awkward if you have to read Bradshaw's Guide in a hurry.
SK001-0124|One of the differences between the fine type and the utilitarian must probably be put down to a misapprehension of a commercial necessity:|One of the differences between the fine type and the utilitarian must probably be put down to a misapprehension of a commercial necessity:
SK001-0125|this is the narrowing of the modern letters.|this is the narrowing of the modern letters.
SK001-0126|Most of Jenson's letters are designed within a square,|Most of Jenson's letters are designed within a square,
SK001-0127|the modern letters are narrowed by a third or thereabout; but while this gain of space very much hampers the possibility of beauty of design,|the modern letters are narrowed by a third or thereabout; but while this gain of space very much hampers the possibility of beauty of design,
SK001-0128|it is not a real gain, for the modern printer throws the gain away by putting inordinately wide spaces between his lines, which, probably,|it is not a real gain, for the modern printer throws the gain away by putting inordinately wide spaces between his lines, which, probably,
SK001-0129|the lateral compression of his letters renders necessary.|the lateral compression of his letters renders necessary.
SK001-0130|Commercialism again compels the use of type too small in size to be comfortable reading:|Commercialism again compels the use of type too small in size to be comfortable reading:
SK001-0131|the size known as "Long primer" ought to be the smallest size used in a book meant to be read.|the size known as "Long primer" ought to be the smallest size used in a book meant to be read.
SK001-0132|Here, again, if the practice of "leading" were retrenched larger type could be used without enhancing the price of a book.|Here, again, if the practice of "leading" were retrenched larger type could be used without enhancing the price of a book.
SK001-0133|One very important matter in "setting up" for fine printing is the "spacing," that is, the lateral distance of words from one another.|One very important matter in "setting up" for fine printing is the "spacing," that is, the lateral distance of words from one another.
SK001-0134|In good printing the spaces between the words should be as near as possible equal|In good printing the spaces between the words should be as near as possible equal
SK001-0135|it is impossible that they should be quite equal except in lines of poetry|it is impossible that they should be quite equal except in lines of poetry
SK001-0136|modern printers understand this, but it is only practiced in the very best establishments.|modern printers understand this, but it is only practiced in the very best establishments.
SK001-0137|But another point which they should attend to they almost always disregard;|But another point which they should attend to they almost always disregard;
SK001-0138|this is the tendency to the formation of ugly meandering white lines or "rivers" in the page|this is the tendency to the formation of ugly meandering white lines or "rivers" in the page
SK001-0139|a blemish which can be nearly, though not wholly, avoided by care and forethought|a blemish which can be nearly, though not wholly, avoided by care and forethought
SK001-0140|the desirable thing being "the breaking of the line" as in bonding masonry or brickwork|the desirable thing being "the breaking of the line" as in bonding masonry or brickwork
SK001-0141|The general solidity of a page is much to be sought for|The general solidity of a page is much to be sought for
SK001-0142|modern printers generally overdo the "whites" in the spacing, a defect probably forced on them by the characterless quality of the letters.|modern printers generally overdo the "whites" in the spacing, a defect probably forced on them by the characterless quality of the letters.
SK001-0143|For where these are boldly and carefully designed, and each letter is thoroughly individual in form,|For where these are boldly and carefully designed, and each letter is thoroughly individual in form,
SK001-0144|the words may be set much closer together, without loss of clearness.|the words may be set much closer together, without loss of clearness.
SK001-0145|No definite rules, however, except the avoidance of "rivers" and excess of white, can be given for the spacing,|No definite rules, however, except the avoidance of "rivers" and excess of white, can be given for the spacing,
SK001-0146|which requires the constant exercise of judgment and taste on the part of the printer.|which requires the constant exercise of judgment and taste on the part of the printer.
SK001-0147|The position of the page on the paper should be considered if the book is to have a satisfactory look.|The position of the page on the paper should be considered if the book is to have a satisfactory look.
SK001-0148|Here once more the almost invariable modern practice is in opposition to a natural sense of proportion.|Here once more the almost invariable modern practice is in opposition to a natural sense of proportion.
SK001-0149|From the time when books first took their present shape till the end of the sixteenth century, or indeed later,|From the time when books first took their present shape till the end of the sixteenth century, or indeed later,
SK001-0150|the page so lay on the paper that there was more space allowed to the bottom and fore margin than to the top and back of the paper,|the page so lay on the paper that there was more space allowed to the bottom and fore margin than to the top and back of the paper,
SK001-0151|the unit of the book being looked on as the two pages forming an opening.|the unit of the book being looked on as the two pages forming an opening.
SK001-0152|The modern printer, in the teeth of the evidence given by his own eyes, considers the single page as the unit, and prints the page in the middle of his paper|The modern printer, in the teeth of the evidence given by his own eyes, considers the single page as the unit, and prints the page in the middle of his paper
SK001-0153|only nominally so, however, in many cases, since when he uses a headline he counts that in,|only nominally so, however, in many cases, since when he uses a headline he counts that in,
SK001-0154|the result as measured by the eye being that the lower margin is less than the top one, and that the whole opening has an upside-down look vertically|the result as measured by the eye being that the lower margin is less than the top one, and that the whole opening has an upside-down look vertically
SK001-0155|and that laterally the page looks as if it were being driven off the paper.|and that laterally the page looks as if it were being driven off the paper.
SK001-0156|The paper on which the printing is to be done is a necessary part of our subject:|The paper on which the printing is to be done is a necessary part of our subject:
SK001-0157|of this it may be said that though there is some good paper made now,|of this it may be said that though there is some good paper made now,
SK001-0158|it is never used except for very expensive books, although it would not materially increase the cost in all but the very cheapest.|it is never used except for very expensive books, although it would not materially increase the cost in all but the very cheapest.
SK001-0159|The paper that is used for ordinary books is exceedingly bad even in this country, but is beaten in the race for vileness|The paper that is used for ordinary books is exceedingly bad even in this country, but is beaten in the race for vileness
SK001-0160|by that made in America, which is the worst conceivable.|by that made in America, which is the worst conceivable.
SK001-0161|There seems to be no reason why ordinary paper should not be better made,|There seems to be no reason why ordinary paper should not be better made,
SK001-0162|even allowing the necessity for a very low price; but any improvement must be based on showing openly that the cheap article is cheap,|even allowing the necessity for a very low price; but any improvement must be based on showing openly that the cheap article is cheap,
SK001-0163|e.g. the cheap paper should not sacrifice toughness and durability to a smooth and white surface,|e.g. the cheap paper should not sacrifice toughness and durability to a smooth and white surface,
SK001-0164|which should be indications of a delicacy of material and manufacture which would of necessity increase its cost.|which should be indications of a delicacy of material and manufacture which would of necessity increase its cost.
SK001-0165|One fruitful source of badness in paper|One fruitful source of badness in paper
SK001-0166|is the habit that publishers have of eking out a thin volume by printing it on thick paper almost of the substance of cardboard,|is the habit that publishers have of eking out a thin volume by printing it on thick paper almost of the substance of cardboard,
SK001-0167|a device which deceives nobody, and makes a book very unpleasant to read.|a device which deceives nobody, and makes a book very unpleasant to read.
SK001-0168|On the whole, a small book should be printed on paper which is as thin as may be without being transparent.|On the whole, a small book should be printed on paper which is as thin as may be without being transparent.
SK001-0169|The paper used for printing the small highly ornamented French service-books about the beginning of the sixteenth century is a model in this respect,|The paper used for printing the small highly ornamented French service-books about the beginning of the sixteenth century is a model in this respect,
SK001-0170|being thin, tough, and opaque.|being thin, tough, and opaque.
SK001-0171|However, the fact must not be blinked that machine-made paper cannot in the nature of things be made of so good a texture as that made by hand.|However, the fact must not be blinked that machine-made paper cannot in the nature of things be made of so good a texture as that made by hand.
SK001-0172|The ornamentation of printed books is too wide a subject to be dealt with fully here; but one thing must be said on it.|The ornamentation of printed books is too wide a subject to be dealt with fully here; but one thing must be said on it.
SK001-0173|The essential point to be remembered is that the ornament, whatever it is, whether picture or pattern-work, should form part of the page,|The essential point to be remembered is that the ornament, whatever it is, whether picture or pattern-work, should form part of the page,
SK001-0174|should be a part of the whole scheme of the book.|should be a part of the whole scheme of the book.
SK001-0175|Simple as this proposition is, it is necessary to be stated,|Simple as this proposition is, it is necessary to be stated,
SK001-0176|because the modern practice is to disregard the relation between the printing and the ornament altogether,|because the modern practice is to disregard the relation between the printing and the ornament altogether,
SK001-0177|so that if the two are helpful to one another it is a mere matter of accident.|so that if the two are helpful to one another it is a mere matter of accident.
SK001-0178|The due relation of letter to pictures and other ornament was thoroughly understood by the old printers; so that|The due relation of letter to pictures and other ornament was thoroughly understood by the old printers; so that
SK001-0179|even when the woodcuts are very rude indeed,|even when the woodcuts are very rude indeed,
SK001-0180|the proportions of the page still give pleasure by the sense of richness that the cuts and letter together convey.|the proportions of the page still give pleasure by the sense of richness that the cuts and letter together convey.
SK001-0181|When, as is most often the case, there is actual beauty in the cuts,|When, as is most often the case, there is actual beauty in the cuts,
SK001-0182|the books so ornamented are amongst the most delightful works of art that have ever been produced.|the books so ornamented are amongst the most delightful works of art that have ever been produced.
SK001-0183|Therefore, granted well-designed type, due spacing of the lines and words, and proper position of the page on the paper,|Therefore, granted well-designed type, due spacing of the lines and words, and proper position of the page on the paper,
SK001-0184|all books might be at least comely and well-looking: and if to these good qualities were added really beautiful ornament and pictures,|all books might be at least comely and well-looking: and if to these good qualities were added really beautiful ornament and pictures,
SK001-0185|printed books might once again illustrate to the full|printed books might once again illustrate to the full
SK001-0186|the position of our Society that a work of utility might be also a work of art, if we cared to make it so.|the position of our Society that a work of utility might be also a work of art, if we cared to make it so.
SK002-0001|The Chronicles of Newgate, Volume 2. By Arthur Griffiths. Section 4: Newgate down to 1818.|The Chronicles of Newgate, Volume two. By Arthur Griffiths. Section four: Newgate down to eighteen eighteen.
SK002-0002|Under the conditions referred to in the previous chapter,|Under the conditions referred to in the previous chapter,
SK002-0003|with criminals and misdemeanants of all shades crowding perpetually into its narrow limits, the latter state of Newgate was worse than the first.|with criminals and misdemeanants of all shades crowding perpetually into its narrow limits, the latter state of Newgate was worse than the first.
SK002-0004|The new jail fell as far short of the demands made on it as did the old.|The new jail fell as far short of the demands made on it as did the old.
SK002-0005|The prison population fluctuated a great deal,|The prison population fluctuated a great deal,
SK002-0006|but it was almost always in excess of the accommodation available, and there were times when the place was full to overflowing.|but it was almost always in excess of the accommodation available, and there were times when the place was full to overflowing.
SK002-0007|Neild gives some figures which well illustrate this.|Neild gives some figures which well illustrate this.
SK002-0008|On the 14th June, 1800, there were 199 debtors and 289 felons in the prison.|On the fourteenth June, eighteen hundred, there were one hundred ninety-nine debtors and two hundred eighty-nine felons in the prison.
SK002-0009|On the 27th April, in the following year,|On the twenty-seventh April, in the following year,
SK002-0010|these numbers had risen to 275 and 375 respectively, or 650 in all.|these numbers had risen to two hundred seventy-five and three hundred seventy-five respectively, or six hundred fifty in all.
SK002-0011|For two more years these high figures were steadily maintained, and in 1803 the total rose to 710.|For two more years these high figures were steadily maintained, and in eighteen oh three the total rose to seven hundred ten.
SK002-0012|After that they fell as steadily,|After that they fell as steadily,
SK002-0013|till, 1808, the lowest point was touched of 197 debtors and 182 felons, or 379 in all.|till, eighteen oh eight, the lowest point was touched of one hundred ninety-seven debtors and one hundred eighty-two felons, or three hundred seventy-nine in all.
SK002-0014|The numbers soon increased, however, and by 1811 had again risen to 629; and Mr. Neild was told that there had been at one time|The numbers soon increased, however, and by eighteen eleven had again risen to six hundred twenty-nine; and Mr. Neild was told that there had been at one time
SK002-0015|300 debtors and 900 criminals in Newgate, or twelve hundred prisoners in all.|three hundred debtors and nine hundred criminals in Newgate, or twelve hundred prisoners in all.
SK002-0016|Previous to that date there had been 700 or 800 frequently, and once, in Mr. Akerman's time, one thousand.|Previous to that date there had been seven hundred or eight hundred frequently, and once, in Mr. Akerman's time, one thousand.
SK002-0017|Trustworthy evidence is forthcoming to the effect that these high figures were constantly maintained for many months at a time.|Trustworthy evidence is forthcoming to the effect that these high figures were constantly maintained for many months at a time.
SK002-0018|The inadequacy of the jail was noticed and reported upon again and again by the grand juries of the city of London,|The inadequacy of the jail was noticed and reported upon again and again by the grand juries of the city of London,
SK002-0019|who seldom let a session go by without visiting Newgate.|who seldom let a session go by without visiting Newgate.
SK002-0020|In 1813|In eighteen thirteen
SK002-0021|the grand jury made a special presentment to the Court of Common Council, pointing out that on the debtors' side, which was intended for only 100,|the grand jury made a special presentment to the Court of Common Council, pointing out that on the debtors' side, which was intended for only one hundred,
SK002-0022|no less than 340 were crowded, to the great inconvenience and danger of the inmates.|no less than three hundred forty were crowded, to the great inconvenience and danger of the inmates.
SK002-0023|On the female side matters were much worse;|On the female side matters were much worse;
SK002-0024|Quote. the apartments set apart for them, being built to accommodate 60 persons, now contain about 120. End quote.|Quote. the apartments set apart for them, being built to accommodate sixty persons, now contain about one hundred twenty. End quote.
SK002-0025|Returns laid before the House of Commons showed that 6439 persons had been committed to Newgate|Returns laid before the House of Commons showed that six thousand, four hundred thirty-nine persons had been committed to Newgate
SK002-0026|in the three years between 1813 and 1816,|in the three years between eighteen thirteen and eighteen sixteen,
SK002-0027|and this number did not include the debtors, a numerous class, who were still committed to Newgate pending the completion of the White Cross Street prison.|and this number did not include the debtors, a numerous class, who were still committed to Newgate pending the completion of the White Cross Street prison.
SK002-0028|In order to realize the evils entailed by incarceration in Newgate in these days, it is necessary to give some account of its interior|In order to realize the evils entailed by incarceration in Newgate in these days, it is necessary to give some account of its interior
SK002-0029|as it was occupied and appropriated in 1810.|as it was occupied and appropriated in eighteen ten.
SK002-0030|Full details of the arrangements are to be found in Mr. Neild's "State of Prisons in England, Scotland, and Wales," published in 1812.|Full details of the arrangements are to be found in Mr. Neild's "State of Prisons in England, Scotland, and Wales," published in eighteen twelve.
SK002-0031|The jail at that date was divided into eight separate and more or less distinct departments, each of which had its own wards and yard.|The jail at that date was divided into eight separate and more or less distinct departments, each of which had its own wards and yard.
SK002-0032|These were: 1. The male debtors' side.|These were: one. The male debtors' side.
SK002-0033|2. The female debtors' side. 3. The chapel yard. 4. The middle yard.|two. The female debtors' side. three. The chapel yard. four. The middle yard.
SK002-0034|5. The master felons' side. 6. The female felons' side. 7. The state side.|five. The master felons' side. six. The female felons' side. seven. The state side.
SK002-0035|8. The press yard.|eight. The press yard.
SK002-0036|1. The male debtors' side consisted of a yard forty-nine feet by thirty-one,|one. The male debtors' side consisted of a yard forty-nine feet by thirty-one,
SK002-0037|leading to thirteen wards on various floors, and a day room.|leading to thirteen wards on various floors, and a day room.
SK002-0038|Of these wards, three were appropriated to the "cabin side," so called because|Of these wards, three were appropriated to the "cabin side," so called because
SK002-0039|they each contained four small rooms or "cabins" seven feet square,|they each contained four small rooms or "cabins" seven feet square,
SK002-0040|intended to accommodate a couple of prisoners apiece, but often much more crowded.|intended to accommodate a couple of prisoners apiece, but often much more crowded.
SK002-0041|Two other wards were appropriated to the master's side debtors; they were each twenty-three feet by fourteen and a half,|Two other wards were appropriated to the master's side debtors; they were each twenty-three feet by fourteen and a half,
SK002-0042|and supposed to accommodate twenty persons. The eight remaining wards were for the common side debtors,|and supposed to accommodate twenty persons. The eight remaining wards were for the common side debtors,
SK002-0043|long narrow rooms -- one thirty-six feet, six twenty-three feet, and the eighth eighteen,|long narrow rooms -- one thirty-six feet, six twenty-three feet, and the eighth eighteen,
SK002-0044|the whole about fifteen feet wide.|the whole about fifteen feet wide.
SK002-0045|The various wards were all about eleven feet in height,|The various wards were all about eleven feet in height,
SK002-0046|and were occupied as a rule by ten to fifteen people when the prison was not crowded, but double the number was occasionally placed in them.|and were occupied as a rule by ten to fifteen people when the prison was not crowded, but double the number was occasionally placed in them.
SK002-0047|The day room was fitted with benches and settles after the manner of the tap in a public-house.|The day room was fitted with benches and settles after the manner of the tap in a public-house.
SK002-0048|2. The female debtors' side consisted of a court-yard forty-nine by sixteen feet,|two. The female debtors' side consisted of a court-yard forty-nine by sixteen feet,
SK002-0049|leading to two wards, one of which was thirty-six feet by fifteen,|leading to two wards, one of which was thirty-six feet by fifteen,
SK002-0050|and the other eighteen by fifteen; and they nominally held twenty-two persons.|and the other eighteen by fifteen; and they nominally held twenty-two persons.
SK002-0051|A high wall fifteen feet in height divided the females' court-yard from the men's.|A high wall fifteen feet in height divided the females' court-yard from the men's.
SK002-0052|3. The chapel yard was about forty-three feet by twenty-five.|three. The chapel yard was about forty-three feet by twenty-five.
SK002-0053|It had been for some time devoted principally to felons of the worst types,|It had been for some time devoted principally to felons of the worst types,
SK002-0054|those who were the oldest offenders, sentenced to transportation, and who had narrowly escaped the penalty of death.|those who were the oldest offenders, sentenced to transportation, and who had narrowly escaped the penalty of death.
SK002-0055|This arrangement was, however, modified after 1811, and the chapel yard was allotted to misdemeanants and prisoners awaiting trial.|This arrangement was, however, modified after eighteen eleven, and the chapel yard was allotted to misdemeanants and prisoners awaiting trial.
SK002-0056|The wards in this part were five in number, all in dimensions twenty feet by fifteen, with a sixth ward fifteen feet square.|The wards in this part were five in number, all in dimensions twenty feet by fifteen, with a sixth ward fifteen feet square.
SK002-0057|These wards were all fitted with barrack-beds, but no bedding was supplied.|These wards were all fitted with barrack-beds, but no bedding was supplied.
SK002-0058|The chapel yard led to the chapel, and on the staircase were two rooms frequently set apart for the king's witnesses,|The chapel yard led to the chapel, and on the staircase were two rooms frequently set apart for the king's witnesses,
SK002-0059|those who had turned king's evidence, whose safety might have been imperiled had they been lodged with the men against whom they had informed.|those who had turned king's evidence, whose safety might have been imperiled had they been lodged with the men against whom they had informed.
SK002-0060|But these king's witnesses were also put at times into the press yard among the capital convicts, seemingly a very dangerous proceeding,|But these king's witnesses were also put at times into the press yard among the capital convicts, seemingly a very dangerous proceeding,
SK002-0061|or they lodged with the gatesmen, the prisoner officers who had charge of the inner gates.|or they lodged with the gatesmen, the prisoner officers who had charge of the inner gates.
SK002-0062|The middle yard was at first given up to the least heinous offenders. After 1812 it changed functions with the chapel yard.|The middle yard was at first given up to the least heinous offenders. After eighteen twelve it changed functions with the chapel yard.
SK002-0063|It was fifty feet by twenty-five, and had five wards each thirty-eight by fifteen. At one end of the yard was an arcade,|It was fifty feet by twenty-five, and had five wards each thirty-eight by fifteen. At one end of the yard was an arcade,
SK002-0064|directly under the chapel, in which there were three cells, used either for the confinement of disorderly and refractory prisoners,|directly under the chapel, in which there were three cells, used either for the confinement of disorderly and refractory prisoners,
SK002-0065|or female convicts ordered for execution.|or female convicts ordered for execution.
SK002-0066|The master felons' side consisted of a yard the same size as the preceding, appropriated nominally to the most decent and better-behaved prisoners,|The master felons' side consisted of a yard the same size as the preceding, appropriated nominally to the most decent and better-behaved prisoners,
SK002-0067|but really kept for the few who had funds sufficient to gain them admission to these more comfortable quarters.|but really kept for the few who had funds sufficient to gain them admission to these more comfortable quarters.
SK002-0068|Here were also lodged the gatesmen, the prisoners who had charge of the inner gates, and who were entrusted with the duty of escorting visitors from the gates|Here were also lodged the gatesmen, the prisoners who had charge of the inner gates, and who were entrusted with the duty of escorting visitors from the gates
SK002-0069|to the various wards their friends occupied.|to the various wards their friends occupied.
SK002-0070|The state side was the part stolen from the female felons' side.|The state side was the part stolen from the female felons' side.
SK002-0071|It was large and comparatively commodious, being maintained on a better footing than any other part of the prison.|It was large and comparatively commodious, being maintained on a better footing than any other part of the prison.
SK002-0072|The inmates were privileged, either by antecedents or the fortunate possession of sufficient funds to pay the charges of the place.|The inmates were privileged, either by antecedents or the fortunate possession of sufficient funds to pay the charges of the place.
SK002-0073|Neild takes it for granted that the former rather than the latter prevailed in the selection,|Neild takes it for granted that the former rather than the latter prevailed in the selection,
SK002-0074|and tells us that in the state side, quote, such prisoners were safely associated whose manners and conduct evince a more liberal style of education,|and tells us that in the state side, quote, such prisoners were safely associated whose manners and conduct evince a more liberal style of education,
SK002-0075|and who are therefore lodged apart from all other districts of the jail. End quote.|and who are therefore lodged apart from all other districts of the jail. End quote.
SK002-0076|The state side contained twelve good-sized rooms,|The state side contained twelve good-sized rooms,
SK002-0077|from twenty-one by eighteen feet to fifteen feet square, which were furnished with bedsteads and bedding.|from twenty-one by eighteen feet to fifteen feet square, which were furnished with bedsteads and bedding.
SK002-0078|7. The press yard was that part set aside for the condemned.|seven. The press yard was that part set aside for the condemned.
SK002-0079|Its name and its situation were the same as those of the old place of carrying out the terrible sentence inflicted on accused persons who stood mute.|Its name and its situation were the same as those of the old place of carrying out the terrible sentence inflicted on accused persons who stood mute.
SK002-0080|The long narrow yard still remained as we saw it in Jacobite times,|The long narrow yard still remained as we saw it in Jacobite times,
SK002-0081|and beyond it was now a day room for the capital convicts or those awaiting execution.|and beyond it was now a day room for the capital convicts or those awaiting execution.
SK002-0082|Beyond the press yard were three stories, condemned cells, fifteen in all, with vaulted ceilings nine feet high to the crown of the arch.|Beyond the press yard were three stories, condemned cells, fifteen in all, with vaulted ceilings nine feet high to the crown of the arch.
SK002-0083|The ground floor cells were nine feet by six;|The ground floor cells were nine feet by six;
SK002-0084|those on the first floor were rather larger on account of a set-off in the wall; and the uppermost were the largest, for the same reason.|those on the first floor were rather larger on account of a set-off in the wall; and the uppermost were the largest, for the same reason.
SK002-0085|Security was provided for in these condemned cells by lining the substantial stone walls with planks studded with broad-headed nails;|Security was provided for in these condemned cells by lining the substantial stone walls with planks studded with broad-headed nails;
SK002-0086|they were lighted by a double-grated window two feet nine inches by fourteen inches; and in the doors, which were four inches thick,|they were lighted by a double-grated window two feet nine inches by fourteen inches; and in the doors, which were four inches thick,
SK002-0087|a circular aperture had been let in to give ventilation and secure a free current of air.|a circular aperture had been let in to give ventilation and secure a free current of air.
SK002-0088|In each cell there was a barrack bedstead on the floor without bedding.|In each cell there was a barrack bedstead on the floor without bedding.
SK002-0089|8. The female felons were deprived of part of the space which the architect had intended for them.|eight. The female felons were deprived of part of the space which the architect had intended for them.
SK002-0090|More than half their quadrangle had been partitioned off for another purpose,|More than half their quadrangle had been partitioned off for another purpose,
SK002-0091|and what remained was divided into a master's and a common side for female felons.|and what remained was divided into a master's and a common side for female felons.
SK002-0092|The two yards were adjoining, that for the common side much the largest.|The two yards were adjoining, that for the common side much the largest.
SK002-0093|There were nine wards in all on the female side, one of them in the attic,|There were nine wards in all on the female side, one of them in the attic,
SK002-0094|with four casements and two fireplaces, being allotted for a female infirmary|with four casements and two fireplaces, being allotted for a female infirmary
SK002-0095|and the rest being provided with barrack beds, and in dimensions varying from thirty feet by fifteen to fifteen feet by ten.|and the rest being provided with barrack beds, and in dimensions varying from thirty feet by fifteen to fifteen feet by ten.
SK002-0096|The eight courts above enumerated were well supplied with water;|The eight courts above enumerated were well supplied with water;
SK002-0097|they had dust-bins, sewers, and so forth, "properly disposed," and the city scavenger paid periodical visits to the prison.|they had dust-bins, sewers, and so forth, "properly disposed," and the city scavenger paid periodical visits to the prison.
SK002-0098|The prisoners had few comforts, beyond the occasional use of a bath at some distance, situated in the press yard,|The prisoners had few comforts, beyond the occasional use of a bath at some distance, situated in the press yard,
SK002-0099|to which access was granted rarely and as a great favor. But they were allowed the luxury of drink -- if they could pay for it.|to which access was granted rarely and as a great favor. But they were allowed the luxury of drink -- if they could pay for it.
SK002-0100|A recent reform had closed the tap kept by the jailer within the precincts, but|A recent reform had closed the tap kept by the jailer within the precincts, but
SK002-0101|there was still a "convenient room" which served, and, quote,|there was still a "convenient room" which served, and, quote,
SK002-0102|near it a grating through which the debtors receive their beer from the neighboring public-houses.|near it a grating through which the debtors receive their beer from the neighboring public-houses.
SK002-0103|The felons' side has a similar accommodation, and this mode of introducing the beverage is adopted because no publican as such|The felons' side has a similar accommodation, and this mode of introducing the beverage is adopted because no publican as such
SK002-0104|can be permitted to enter the interior of this prison. End quote. The tap-room and bar were just behind the felons' entrance lodge,|can be permitted to enter the interior of this prison. End quote. The tap-room and bar were just behind the felons' entrance lodge,
SK002-0105|and beyond it was a room called the "wine room," because formerly used for the sale of wine, but|and beyond it was a room called the "wine room," because formerly used for the sale of wine, but
SK002-0106|in which latterly a copper had been fixed for the cooking of provisions sent in by charitable persons.|in which latterly a copper had been fixed for the cooking of provisions sent in by charitable persons.
SK002-0107|Quote, On the top of the jail, continues Neild, are a watch-house and a sentry-box, where two or more guards, with dogs and firearms,|Quote, On the top of the jail, continues Neild, are a watch-house and a sentry-box, where two or more guards, with dogs and firearms,
SK002-0108|watch all night. Adjoining the felons' side lodge is the keeper's office, where the prison books are kept, and his clerk,|watch all night. Adjoining the felons' side lodge is the keeper's office, where the prison books are kept, and his clerk,
SK002-0109|called the clerk of the papers, attends daily. End quote.|called the clerk of the papers, attends daily. End quote.
SK002-0110|Having thus briefly described the plan and appropriation of the prison, I propose to deal now with the general condition of the inmates, and the manner of their life.|Having thus briefly described the plan and appropriation of the prison, I propose to deal now with the general condition of the inmates, and the manner of their life.
SK002-0111|Of these the debtors, male and female, formed a large proportion.|Of these the debtors, male and female, formed a large proportion.
SK002-0112|The frequency and extent of processes against debtors seventy or eighty years ago will appear almost incredible|The frequency and extent of processes against debtors seventy or eighty years ago will appear almost incredible
SK002-0113|in an age when insolvent acts and bankruptcy courts do so much to relieve the impecunious,|in an age when insolvent acts and bankruptcy courts do so much to relieve the impecunious,
SK002-0114|and imprisonment for debt has almost entirely disappeared.|and imprisonment for debt has almost entirely disappeared.
SK002-0116|The number of processes against debtors annually was extraordinary.|The number of processes against debtors annually was extraordinary.
SK002-0117|Neild gives, on the authority of Mr. Burchell, the under sheriff of Middlesex,|Neild gives, on the authority of Mr. Burchell, the under sheriff of Middlesex,
SK002-0118|a table showing the figures for the year ending Michaelmas 1802.|a table showing the figures for the year ending Michaelmas eighteen oh two.
SK002-0119|In that period upwards of 200,000 writs|In that period upwards of two hundred thousand writs
SK002-0120|had been issued for the arrests of debtors in the kingdom, for sums varying from fourpence to 500 and upwards.|had been issued for the arrests of debtors in the kingdom, for sums varying from fourpence to five hundred pounds and upwards.
SK002-0121|Fifteen thousand of these were issued in Middlesex alone, which at that time was reckoned as only a fifteenth of Great Britain.|Fifteen thousand of these were issued in Middlesex alone, which at that time was reckoned as only a fifteenth of Great Britain.
SK002-0122|The number of arrests actually made was 114,300 for the kingdom, and 7020 for Middlesex.|The number of arrests actually made was one hundred fourteen thousand, three hundred for the kingdom, and seven thousand twenty for Middlesex.
SK002-0123|Barely half of these gave bail bonds on arrests, and the remainder went to prison.|Barely half of these gave bail bonds on arrests, and the remainder went to prison.
SK002-0124|Quite half of the foregoing writs and arrests applied to sums under 30.|Quite half of the foregoing writs and arrests applied to sums under thirty pounds.
SK002-0125|Neild also says that in 1793,|Neild also says that in seventeen ninety-three,
SK002-0126|5719 writs and executions for debts between 10 and 20 were issued in Middlesex,|five thousand, seven hundred nineteen writs and executions for debts between ten pounds and twenty pounds were issued in Middlesex,
SK002-0127|and the aggregate amount of debts sued for was 81,791.|and the aggregate amount of debts sued for was eighty-one thousand, seven hundred ninety-one pounds.
SK002-0128|He also makes the curious calculation that the costs of these actions if undefended|He also makes the curious calculation that the costs of these actions if undefended
SK002-0129|would have amounted to 68,728, and if defended,|would have amounted to sixty-eight thousand, seven hundred twenty-eight pounds, and if defended,
SK002-0130|285,950; in other words, that to recover eighty odd thousand pounds,|two hundred eighty-five thousand, nine hundred fifty pounds; in other words, that to recover eighty odd thousand pounds,
SK002-0131|three times the amount would be expended.|three times the amount would be expended.
SK002-0132|An elaborate machinery planned for the protection of the trader, and altogether on his side, had long existed for the recovery of debts.|An elaborate machinery planned for the protection of the trader, and altogether on his side, had long existed for the recovery of debts.
SK002-0133|Alfred the Great established the Court Baron, the Hundred Court, and the County Court, which among other matters entertained pleas for debt.|Alfred the Great established the Court Baron, the Hundred Court, and the County Court, which among other matters entertained pleas for debt.
SK002-0134|The County Court was the sheriff's, who sat there surrounded by the bishop and the magnates of the county;|The County Court was the sheriff's, who sat there surrounded by the bishop and the magnates of the county;
SK002-0135|but as time passed, difficulties and delays in obtaining judgment led to the removal of causes to the great Court of King's Bench,|but as time passed, difficulties and delays in obtaining judgment led to the removal of causes to the great Court of King's Bench,
SK002-0136|and the disuse of the inferior courts.|and the disuse of the inferior courts.
SK002-0137|So much inconvenience ensued, that in 1518 the Corporation obtained from Parliament an act empowering two aldermen|So much inconvenience ensued, that in fifteen eighteen the Corporation obtained from Parliament an act empowering two aldermen
SK002-0138|and four common councilmen to hold Courts of Requests, or Courts of Conscience, to hear and determine all causes of debt|and four common councilmen to hold Courts of Requests, or Courts of Conscience, to hear and determine all causes of debt
SK002-0139|under 40 shillings arising within the city.|under forty shillings arising within the city.
SK002-0140|These courts were extended two centuries later to several large provincial towns, and all were in full activity when Neild wrote,|These courts were extended two centuries later to several large provincial towns, and all were in full activity when Neild wrote,
SK002-0141|and indeed supplied the bulk of the poor debtors committed to prison.|and indeed supplied the bulk of the poor debtors committed to prison.
SK002-0142|These courts were open to many and grave objections.|These courts were open to many and grave objections.
SK002-0143|The commissioners who presided were, quote, little otherwise than self-elected|The commissioners who presided were, quote, little otherwise than self-elected
SK002-0144|and when once appointed continued to serve sine die; they were generally near in rank to the parties whose causes they decided.|and when once appointed continued to serve sine die; they were generally near in rank to the parties whose causes they decided.
SK002-0145|Often a commissioner had to leave the bench because he was himself a party to the suit that was sub judice.|Often a commissioner had to leave the bench because he was himself a party to the suit that was sub judice.
SK002-0146|The activity as well as the futility of these courts may be estimated from the statement given by Neild|The activity as well as the futility of these courts may be estimated from the statement given by Neild
SK002-0147|that thirteen hundred and twelve debtors were committed by them to Newgate between 1797 and 1808,|that thirteen hundred and twelve debtors were committed by them to Newgate between seventeen ninety-seven and eighteen oh eight,
SK002-0148|and that no more than 197 creditors recovered debts and costs.|and that no more than one hundred ninety-seven creditors recovered debts and costs.
SK002-0149|The latter indeed hung like millstones round the neck of the unhappy insolvent wretches who found themselves in limbo.|The latter indeed hung like millstones round the neck of the unhappy insolvent wretches who found themselves in limbo.
SK002-0150|Costs were the gallons of sack to the pennyworth of debt.|Costs were the gallons of sack to the pennyworth of debt.
SK002-0151|Neild found at his visit to Newgate in 1810,|Neild found at his visit to Newgate in eighteen ten,
SK002-0152|fourteen men and women who had lain there ten, eleven, and thirteen years for debts of a few shillings,|fourteen men and women who had lain there ten, eleven, and thirteen years for debts of a few shillings,
SK002-0153|weighted by treble the amount of costs.|weighted by treble the amount of costs.
SK002-0154|Thus, amongst others, Thomas Blackburn had been committed on October 15th for a debt of 1 shilling 5 pence.|Thus, amongst others, Thomas Blackburn had been committed on October fifteenth for a debt of one shilling five pence.
SK002-0155|for which the costs were 6 shillings 10 pence.|for which the costs were six shillings ten pence.
SK002-0156|Thomas Dobson, on 22nd August, 1799, for 1 shilling, with costs of 8 shillings, 10 pence.|Thomas Dobson, on twenty-second August, seventeen ninety-nine, for one shilling, with costs of eight shillings, ten pence.
SK002-0157|and Susannah Evans, in October the same year, for 2 shillings, with costs of 6 shillings, 8 pence.|and Susannah Evans, in October the same year, for two shillings, with costs of six shillings, eight pence.
SK002-0158|Other cases are recorded elsewhere, as at the Giltspur Street Compter, where in 1805 Mr. Neild found a man named William Grant|Other cases are recorded elsewhere, as at the Giltspur Street Compter, where in eighteen oh five Mr. Neild found a man named William Grant
SK002-0159|detained for 1 shilling 9 pence, with costs of 5 shillings.|detained for one shilling nine pence, with costs of five shillings.
SK002-0160|and John Lancaster for 1 shilling, 8 pence, with costs of 7 shillings, 6 pence. Quote.|and John Lancaster for one shilling, eight pence, with costs of seven shillings, six pence. Quote.
SK002-0161|These surely, I thought," says Mr. Neild, "were bad enough! But it was not so. End quote.|These surely, I thought," says Mr. Neild, "were bad enough! But it was not so. End quote.
SK002-0162|He recites another most outrageous and extraordinary case, in which one John Bird,|He recites another most outrageous and extraordinary case, in which one John Bird,
SK002-0163|a market porter, was arrested and committed at the suit of a publican|a market porter, was arrested and committed at the suit of a publican
SK002-0164|for the paltry sum of 4 pence, with costs of 7 shillings, 6 pence.|for the paltry sum of four pence, with costs of seven shillings, six pence.
SK002-0165|Bird was, however, discharged within three days by a subscription raised among his fellow-prisoners.|Bird was, however, discharged within three days by a subscription raised among his fellow-prisoners.
SK002-0166|Mr. Buxton, in his "Inquiry into the System of Prison Discipline,"|Mr. Buxton, in his "Inquiry into the System of Prison Discipline,"
SK002-0167|quotes a case which came within his own knowledge of a boy sent to prison for non-payment of one penny.|quotes a case which came within his own knowledge of a boy sent to prison for non-payment of one penny.
SK002-0168|The lad in question was found in Coldbath Fields prison, to which he had been sent for a month in default of paying a fine of forty shillings.|The lad in question was found in Coldbath Fields prison, to which he had been sent for a month in default of paying a fine of forty shillings.
SK002-0169|He had been in the employ of a corn-chandler at Islington, and went into London with his master's cart and horse.|He had been in the employ of a corn-chandler at Islington, and went into London with his master's cart and horse.
SK002-0170|There was in the City Road a temporary bar, with a collector of tolls who was sometimes on the spot and sometimes not.|There was in the City Road a temporary bar, with a collector of tolls who was sometimes on the spot and sometimes not.
SK002-0171|The boy declared he saw no one, and accordingly passed through without paying the toll of a penny.|The boy declared he saw no one, and accordingly passed through without paying the toll of a penny.
SK002-0172|For this he was summoned before a magistrate, and sentenced as already stated.|For this he was summoned before a magistrate, and sentenced as already stated.
SK002-0173|The lad was proved to be of good character and the son of respectable parents.|The lad was proved to be of good character and the son of respectable parents.
SK002-0174|Mr. Buxton's friends at once paid the forty shillings, and the boy was released.|Mr. Buxton's friends at once paid the forty shillings, and the boy was released.
SK002-0175|The costs in heavier debts always doubled the sum; if the arrest was made in the country it trebled it.|The costs in heavier debts always doubled the sum; if the arrest was made in the country it trebled it.
SK002-0176|Neild gives a list of the various items charged upon a debt of 10, which included instructions to sue,|Neild gives a list of the various items charged upon a debt of ten pounds, which included instructions to sue,
SK002-0177|affidavit of debt, drawing praecipe (1 pound, 5 shillings), capias, fee to officer on arrest,|affidavit of debt, drawing praecipe (one pound, five shillings), capias, fee to officer on arrest,
SK002-0178|affidavit of service, and many more, amounting in all to twenty-seven,|affidavit of service, and many more, amounting in all to twenty-seven,
SK002-0179|and costing 11 pounds, 15 shillings, 8 pence, within ten days.|and costing eleven pounds, fifteen shillings, eight pence, within ten days.
SK002-0180|Before dealing with the debtors in Newgate, I may refer incidentally|Before dealing with the debtors in Newgate, I may refer incidentally
SK002-0181|to those in other London prisons, for Newgate was not the only place of durance for these unfortunate people. There were also the King's Bench,|to those in other London prisons, for Newgate was not the only place of durance for these unfortunate people. There were also the King's Bench,
SK002-0182|the Fleet, and the Marshalsea prisons especially devoted to them,|the Fleet, and the Marshalsea prisons especially devoted to them,
SK002-0183|whilst Ludgate, the Giltspur Street, and Borough Compters also received them|whilst Ludgate, the Giltspur Street, and Borough Compters also received them
SK002-0184|the latter two being also a prison for felons and vagrants arrested within certain limits.|the latter two being also a prison for felons and vagrants arrested within certain limits.
SK002-0185|The King's Bench was a national prison, in which were confined all debtors arrested for debt or for contempt of the court of the King's Bench.|The King's Bench was a national prison, in which were confined all debtors arrested for debt or for contempt of the court of the King's Bench.
SK002-0186|The population generally amounted to from five hundred to seven hundred, the accommodation being calculated for two hundred.|The population generally amounted to from five hundred to seven hundred, the accommodation being calculated for two hundred.
SK002-0187|Every new-comer was entitled to a "chummage" ticket, but did not always get it,|Every new-comer was entitled to a "chummage" ticket, but did not always get it,
SK002-0188|being often obliged to pay a high rent for a bed at the coffee-house or in some room which was vacated by its regular occupant.|being often obliged to pay a high rent for a bed at the coffee-house or in some room which was vacated by its regular occupant.
SK002-0189|No fixed rates or rules governed the hiring out of rooms or parts of a room, and all sorts of imposition was practiced.|No fixed rates or rules governed the hiring out of rooms or parts of a room, and all sorts of imposition was practiced.
SK002-0190|The best, or at least the most influential prisoners, got lodging in the State House, which contained "eight large handsome rooms."|The best, or at least the most influential prisoners, got lodging in the State House, which contained "eight large handsome rooms."
SK002-0191|Besides those actually resident within the walls,|Besides those actually resident within the walls,
SK002-0192|another two hundred more or less took advantage of "the rules," and lived outside within a circumference of two miles and a half.|another two hundred more or less took advantage of "the rules," and lived outside within a circumference of two miles and a half.
SK002-0193|In these cases security was given for the amount of the debt,|In these cases security was given for the amount of the debt,
SK002-0194|and a heavy fee at the rate of 8 per 100, with 4 for every additional hundred.|and a heavy fee at the rate of eight pounds per one hundred pounds, with four pounds for every additional hundred.
SK002-0195|Besides these, a number had the privilege of a "run on the key," which allowed a prisoner to go into the rules for the day.|Besides these, a number had the privilege of a "run on the key," which allowed a prisoner to go into the rules for the day.
SK002-0196|The foregoing rentals and payments for privileges, together with fees exacted on commitment and discharge, went to the marshal or keeper of the prison,|The foregoing rentals and payments for privileges, together with fees exacted on commitment and discharge, went to the marshal or keeper of the prison,
SK002-0197|whose net annual income thus entirely derived from the impecunious amounted to between three and four thousand pounds.|whose net annual income thus entirely derived from the impecunious amounted to between three and four thousand pounds.
SK002-0198|The office of marshal had been hereditary,|The office of marshal had been hereditary,
SK002-0199|but in the 27th George II the right of presentation was bought by the Crown for 10,500.|but in the twenty-seventh George the second the right of presentation was bought by the Crown for ten thousand, five hundred pounds.
SK002-0200|The marshal was supposed to be resident either within the prison or the rules.|The marshal was supposed to be resident either within the prison or the rules.